id,first_name,last_name,age,email,gender,ip_address
1,Eydie,Vaszoly,43,evaszoly0@skyrock.com,Female,235.197.220.238
2,Gaultiero,Pierpoint,28,gpierpoint1@google.nl,Male,51.249.172.147
3,Modestia,Angrave,33,mangrave2@deliciousdays.com,Female,37.61.94.145
4,Gallagher,Wildor,31,gwildor3@ucoz.ru,Male,229.164.140.204
5,Terri-jo,Kerfut,36,tkerfut4@marketwatch.com,Female,110.183.47.1
6,Mercie,Koppes,35,mkoppes5@elpais.com,Female,133.29.8.71
7,Ginny,Mariner,23,gmariner6@1und1.de,Female,239.186.129.209
8,Almire,Targetter,32,atargetter7@yellowbook.com,Female,202.122.0.238
9,Marnia,Yesenin,34,myesenin8@nhs.uk,Female,5.171.227.136
10,Jonathon,Bernardinelli,29,jbernardinelli9@unicef.org,Male,141.231.185.56
11,Colman,Tomlin,49,ctomlina@latimes.com,Male,44.244.86.253
12,Meryl,McKibbin,37,mmckibbinb@hostgator.com,Female,83.127.207.0
13,Tommie,Pietri,46,tpietric@fotki.com,Female,178.163.97.30
14,Eartha,Etchell,27,eetchelld@bbc.co.uk,Female,249.184.87.184
15,Merci,Fortescue,57,mfortescuee@google.com.au,Female,171.149.198.131
16,Sherilyn,Ioselevich,52,sioselevichf@geocities.jp,Female,152.147.228.123
17,Hodge,Dillingston,46,hdillingstong@scribd.com,Male,220.132.153.23
18,Cirilo,Adamkiewicz,55,cadamkiewiczh@un.org,Male,235.45.36.66
19,Rebeca,Dunsmore,55,rdunsmorei@stanford.edu,Female,99.229.100.10
20,Zelig,Lowdeane,54,zlowdeanej@mac.com,Male,45.44.117.68
21,Haywood,Lilie,49,hliliek@flavors.me,Male,13.140.51.149
22,Wenonah,Ivory,56,wivoryl@businessweek.com,Female,213.67.162.57
23,Andreas,Cowland,53,acowlandm@t.co,Male,7.219.122.244
24,Kimberlyn,Urlich,48,kurlichn@blog.com,Female,103.113.84.254
25,Aimil,Pettus,37,apettuso@ucoz.com,Female,212.27.176.146
26,Shalom,Windsor,54,swindsorp@istockphoto.com,Male,204.190.50.25
27,Minor,Critzen,30,mcritzenq@indiegogo.com,Male,72.224.57.204
28,Bond,Hawk,52,bhawkr@ezinearticles.com,Male,172.118.60.159
29,Aileen,Leedal,31,aleedals@scribd.com,Female,71.127.118.4
30,Mollie,Wayvill,29,mwayvillt@1und1.de,Female,236.46.209.187
31,Berti,Brickett,59,bbrickettu@wordpress.org,Female,231.11.82.162
32,Engelbert,Arber,21,earberv@theglobeandmail.com,Male,139.104.76.158
33,Ariela,Wilbor,19,awilborw@dailymotion.com,Female,158.62.180.6
34,Theodoric,Gaishson,53,tgaishsonx@ocn.ne.jp,Male,18.143.205.136
35,Tabby,Keohane,45,tkeohaney@theguardian.com,Male,166.78.201.108
36,Anatollo,Farries,58,afarriesz@state.tx.us,Male,77.137.131.149
37,Grethel,Abbe,22,gabbe10@phoca.cz,Female,94.55.198.142
38,Clive,Cranston,23,ccranston11@shop-pro.jp,Male,173.249.116.21
39,Rodrick,Sadry,59,rsadry12@1und1.de,Male,231.93.136.32
40,Guillermo,Patient,34,gpatient13@miitbeian.gov.cn,Male,97.51.29.222
41,Bronny,Hiland,42,bhiland14@bing.com,Male,123.107.24.118
42,Del,Matonin,20,dmatonin15@dailymotion.com,Male,98.210.187.60
43,Berke,Girardez,56,bgirardez16@parallels.com,Male,223.88.129.32
44,Nicolas,Fullilove,60,nfullilove17@wix.com,Male,149.251.70.191
45,Gunner,Lutman,39,glutman18@gmpg.org,Male,229.129.188.216
46,Hilary,Belli,21,hbelli19@army.mil,Male,67.207.20.186
47,Bo,Manson,33,bmanson1a@bloglines.com,Male,157.245.90.60
48,Trudey,McFaul,52,tmcfaul1b@gravatar.com,Female,24.121.173.158
49,Pablo,Francescuccio,27,pfrancescuccio1c@usnews.com,Male,221.187.153.179
50,Monti,Matuszak,43,mmatuszak1d@google.co.uk,Male,118.194.4.144
51,Mason,Furzey,44,mfurzey1e@nih.gov,Male,140.180.47.217
52,Dale,Dumphreys,43,ddumphreys1f@cafepress.com,Female,211.141.10.98
53,Rogerio,Breydin,28,rbreydin1g@dmoz.org,Male,243.98.104.22
54,Raimund,Marcq,60,rmarcq1h@theglobeandmail.com,Male,66.227.141.157
55,Marve,Crigin,22,mcrigin1i@intel.com,Male,255.212.192.60
56,Pauly,Brastead,33,pbrastead1j@trellian.com,Male,113.2.13.198
57,Crawford,MacHarg,22,cmacharg1k@gravatar.com,Male,107.5.58.230
58,Roslyn,Howkins,27,rhowkins1l@unblog.fr,Female,233.127.70.168
59,Zelig,Galletly,26,zgalletly1m@hao123.com,Male,16.235.136.161
60,Egor,Sketchley,29,esketchley1n@paypal.com,Male,125.211.174.42
61,Sada,Wallentin,59,swallentin1o@nydailynews.com,Female,29.144.134.19
62,Dionisio,Domoney,38,ddomoney1p@51.la,Male,121.60.33.59
63,Northrup,Craw,25,ncraw1q@joomla.org,Male,205.227.124.149
64,Meier,Daniely,34,mdaniely1r@newyorker.com,Male,56.89.54.158
65,Dougie,O'Scannill,22,doscannill1s@behance.net,Male,221.224.224.142
66,Margie,Pidgen,52,mpidgen1t@oracle.com,Female,217.82.224.18
67,Pattie,Suttie,31,psuttie1u@gravatar.com,Female,206.109.155.227
68,Emelina,Hasnney,48,ehasnney1v@auda.org.au,Female,196.79.205.39
69,Salvatore,Maccaig,50,smaccaig1w@soundcloud.com,Male,207.27.95.222
70,Lee,Stollsteiner,42,lstollsteiner1x@xinhuanet.com,Female,106.219.79.184
71,Gib,Loy,46,gloy1y@fema.gov,Male,225.23.130.42
72,Hill,Stainsby,37,hstainsby1z@columbia.edu,Male,21.97.161.198
73,Wendy,Parades,54,wparades20@disqus.com,Female,7.148.230.253
74,Noella,McCosh,56,nmccosh21@unesco.org,Female,94.154.170.125
75,Antin,Peartree,46,apeartree22@unblog.fr,Male,130.248.26.242
76,Gerianna,Brooksbie,45,gbrooksbie23@gmpg.org,Female,168.66.253.28
77,Enrique,Soonhouse,28,esoonhouse24@engadget.com,Male,42.53.197.76
78,Blake,Bateson,39,bbateson25@wiley.com,Male,120.255.17.114
79,Kippar,Jakubovicz,29,kjakubovicz26@apple.com,Male,44.155.42.127
80,Ros,O'Nion,52,ronion27@cdc.gov,Female,177.240.109.39
81,Myranda,Ternott,41,mternott28@ask.com,Female,2.125.225.58
82,Filberto,Whytock,53,fwhytock29@mozilla.org,Male,90.55.139.200
83,Cully,Triggel,27,ctriggel2a@about.com,Male,175.148.119.244
84,Winne,Puttick,26,wputtick2b@army.mil,Female,57.175.233.221
85,Karney,Chapell,44,kchapell2c@mozilla.com,Male,14.78.113.134
86,Banky,Sandell,55,bsandell2d@ow.ly,Male,153.94.46.68
87,Paige,Measen,57,pmeasen2e@list-manage.com,Female,95.173.184.103
88,Tallie,Wogden,37,twogden2f@unesco.org,Female,23.87.242.230
89,Merridie,Keson,34,mkeson2g@redcross.org,Female,202.232.238.213
90,Asia,Syddon,25,asyddon2h@army.mil,Female,179.248.23.29
91,Letti,Scatchard,39,lscatchard2i@acquirethisname.com,Female,37.110.74.214
92,Marten,Pakes,27,mpakes2j@nasa.gov,Male,206.86.221.77
93,Errol,Lutwidge,48,elutwidge2k@wikimedia.org,Male,234.91.161.102
94,Gus,O'Sculley,54,gosculley2l@state.tx.us,Male,221.172.61.5
95,Agnesse,Cough,25,acough2m@scribd.com,Female,234.117.174.102
96,Eadith,Metterick,42,emetterick2n@squidoo.com,Female,107.195.62.170
97,Lorrayne,Froome,31,lfroome2o@deliciousdays.com,Female,114.181.23.162
98,Nollie,Semmens,50,nsemmens2p@exblog.jp,Male,147.36.120.107
99,Hoyt,Hefford,38,hhefford2q@virginia.edu,Male,99.51.146.118
100,Meridel,Houlworth,38,mhoulworth2r@jalbum.net,Female,9.9.185.87
